method,method_label,point,node,depth,fresh_risk,fresh_failures,fresh_particles,fresh_cost,fresh_cost_normalized,construction_risk,construction_cost,construction_cost_normalized,animation_seed,animation_particles,gif
reactive_sst,Reactive SMO-SST,0,696,11,0.000732421875,3,4096,140.01295147683356,0.33336417018293707,0.0,139.922148580259,0.33314797281014047,1381105884,16,reactive_sst/point-00.gif
reactive_sst,Reactive SMO-SST,1,5050,6,0.005859375,24,4096,135.54018826640083,0.322714733967621,0.00390625,135.51185834986902,0.3226472817854024,118589545,16,reactive_sst/point-01.gif
reactive_sst,Reactive SMO-SST,2,305934,18,0.0234375,96,4096,128.1099438714915,0.3050236758845036,0.0078125,127.97592573661052,0.3047045850871679,2583947290,16,reactive_sst/point-02.gif
reactive_sst,Reactive SMO-SST,3,6713,8,0.029541015625,121,4096,125.2858847210178,0.29829972552623285,0.01171875,125.27432159060018,0.2982721942633338,1615093860,16,reactive_sst/point-03.gif
reactive_sst,Reactive SMO-SST,4,17040,9,0.028076171875,115,4096,125.01824112544259,0.2976624788701014,0.015625,125.0332104379053,0.2976981200902507,3884717381,16,reactive_sst/point-04.gif
reactive_sst,Reactive SMO-SST,5,299649,12,0.026123046875,107,4096,98.41910936528457,0.23433121277448707,0.01953125,98.46826640666093,0.2344482533491927,33906309,16,reactive_sst/point-05.gif
reactive_sst,Reactive SMO-SST,6,216614,18,0.035888671875,147,4096,97.70810145366202,0.23263833679443338,0.02734375,97.7917975139576,0.23283761312847048,4206854033,16,reactive_sst/point-06.gif
reactive_sst,Reactive SMO-SST,7,143682,17,0.23046875,944,4096,96.7811615199019,0.23043133695214738,0.22265625,96.75522913338136,0.23036959317471753,3596792701,16,reactive_sst/point-07.gif
reactive_sst,Reactive SMO-SST,8,300412,13,0.443115234375,1815,4096,96.26087881457468,0.2291925686061302,0.44921875,96.290918723089,0.22926409219783098,622600934,16,reactive_sst/point-08.gif
reactive_sst,Reactive SMO-SST,9,267052,13,0.887451171875,3635,4096,95.74684081353199,0.2279686686036476,0.88671875,95.73065125073029,0.2279301220255483,1272269195,16,reactive_sst/point-09.gif
reactive_sst,Reactive SMO-SST,10,305625,10,0.989501953125,4053,4096,95.65789959113087,0.22775690378840682,0.9921875,95.69010518937858,0.22783358378423474,2388921562,16,reactive_sst/point-10.gif
reactive_sst,Reactive SMO-SST,11,296044,11,1.0,4096,4096,93.21848181636875,0.2219487662294494,1.0,93.2445955472698,0.2220109417792138,894475089,16,reactive_sst/point-11.gif
target_sst,Target-only SMO-SST,0,110010,6,0.00439453125,18,4096,136.96621624393782,0.32611003867604244,0.0,136.9039005619229,0.3259616680045784,1381105884,16,target_sst/point-00.gif
target_sst,Target-only SMO-SST,1,5438,8,0.010986328125,45,4096,136.1591953249764,0.3241885602975628,0.00390625,136.14092263835403,0.3241450539008429,118589545,16,target_sst/point-01.gif
target_sst,Target-only SMO-SST,2,164516,9,0.017333984375,71,4096,136.01095154181007,0.3238355989090716,0.0078125,135.99741598087894,0.3238033713830451,2583947290,16,target_sst/point-02.gif
target_sst,Target-only SMO-SST,3,280666,19,0.026123046875,107,4096,134.677696803552,0.3206611828656,0.01171875,134.92216849321443,0.3212432583171772,1615093860,16,target_sst/point-03.gif
target_sst,Target-only SMO-SST,4,128849,10,0.027099609375,111,4096,124.36780799435903,0.29611382855799767,0.015625,124.31816871359177,0.29599563979426613,3884717381,16,target_sst/point-04.gif
target_sst,Target-only SMO-SST,5,194002,9,0.02880859375,118,4096,123.6602387258931,0.294429139823555,0.01953125,123.60168964813587,0.2942897372574664,33906309,16,target_sst/point-05.gif
target_sst,Target-only SMO-SST,6,242688,7,0.0498046875,204,4096,123.23598393755023,0.2934190093751196,0.0234375,123.1191603257057,0.29314085791834693,4206854033,16,target_sst/point-06.gif
target_sst,Target-only SMO-SST,7,252493,8,0.0546875,224,4096,123.02525937777571,0.29291728423279934,0.02734375,122.89384407964334,0.2926043906658175,3596792701,16,target_sst/point-07.gif
target_sst,Target-only SMO-SST,8,263651,9,0.071044921875,291,4096,122.9188840630269,0.29266400967387357,0.0390625,122.78776558364896,0.2923518228182118,622600934,16,target_sst/point-08.gif
target_sst,Target-only SMO-SST,9,299986,8,0.069580078125,285,4096,122.92539537670274,0.2926795128016732,0.04296875,122.77832839496779,0.29232935332135185,1272269195,16,target_sst/point-09.gif
target_sst,Target-only SMO-SST,10,147715,20,0.042724609375,175,4096,121.38296467131126,0.2890070587412173,0.046875,121.06798235127448,0.2882571008363678,2388921562,16,target_sst/point-10.gif
target_sst,Target-only SMO-SST,11,242523,14,0.10986328125,450,4096,97.17220272066211,0.2313623874301479,0.08984375,97.22981289672046,0.2314995545160011,894475089,16,target_sst/point-11.gif
target_sst,Target-only SMO-SST,12,295525,14,0.13623046875,558,4096,96.54249625567027,0.22986308632302446,0.09765625,96.6691657619669,0.23016468038563545,2576103114,16,target_sst/point-12.gif
target_sst,Target-only SMO-SST,13,318145,14,0.191650390625,785,4096,96.43096412922853,0.2295975336410203,0.16015625,96.54073985640048,0.22985890442000115,216874746,16,target_sst/point-13.gif
target_sst,Target-only SMO-SST,14,80377,15,0.3193359375,1308,4096,95.75463845567225,0.22798723441826726,0.28515625,95.74834985537103,0.22797226156040723,2691014817,16,target_sst/point-14.gif
target_sst,Target-only SMO-SST,15,212773,14,0.30615234375,1254,4096,95.32974435278683,0.2269755817923496,0.2890625,95.47070506448424,0.22731120253448628,1005983914,16,target_sst/point-15.gif
target_sst,Target-only SMO-SST,16,202013,10,0.353759765625,1449,4096,94.66678070465309,0.2253970969158407,0.33203125,94.67402495626921,0.2254143451339743,741762266,16,target_sst/point-16.gif
target_sst,Target-only SMO-SST,17,106156,13,1.0,4096,4096,92.75047002876828,0.22083445244944827,1.0,92.72657361518738,0.2207775562266366,4268731298,16,target_sst/point-17.gif
reactive_rrt,Reactive SMO-RRT,0,75241,13,0.000244140625,1,4096,131.58572746104954,0.313299351097737,0.0,131.5664954157939,0.313253560513795,1381105884,16,reactive_rrt/point-00.gif
reactive_rrt,Reactive SMO-RRT,1,314430,14,0.019775390625,81,4096,130.59284389041196,0.31093534259621897,0.01171875,130.73757206555658,0.3112799334894204,118589545,16,reactive_rrt/point-01.gif
reactive_rrt,Reactive SMO-RRT,2,312330,14,0.03076171875,126,4096,129.01942918578894,0.3071891171090213,0.015625,129.00126520103794,0.3071458695262808,2583947290,16,reactive_rrt/point-02.gif
reactive_rrt,Reactive SMO-RRT,3,278160,12,0.122802734375,503,4096,128.22742117491975,0.3053033837498089,0.09765625,128.262957189659,0.3053879933087119,1615093860,16,reactive_rrt/point-03.gif
reactive_rrt,Reactive SMO-RRT,4,441547,13,0.1181640625,484,4096,127.48846500801658,0.30354396430480135,0.1015625,127.55681467993115,0.3037067016188837,3884717381,16,reactive_rrt/point-04.gif
reactive_rrt,Reactive SMO-RRT,5,143888,12,0.171630859375,703,4096,127.6777621445535,0.3039946717727464,0.12109375,127.50613715430904,0.303586040843593,33906309,16,reactive_rrt/point-05.gif
reactive_rrt,Reactive SMO-RRT,6,492681,14,0.14599609375,598,4096,126.70178359151967,0.30167091331314205,0.16796875,126.65596485714546,0.3015618210884416,4206854033,16,reactive_rrt/point-06.gif
reactive_rrt,Reactive SMO-RRT,7,219687,13,0.649169921875,2659,4096,126.36679706003648,0.3008733263334202,0.6796875,126.53134508438544,0.3012651073437749,3596792701,16,reactive_rrt/point-07.gif
reactive_rrt,Reactive SMO-RRT,8,309442,13,0.803955078125,3293,4096,124.47033993904515,0.2963579522358218,0.8046875,124.67559315121025,0.2968466503600244,622600934,16,reactive_rrt/point-08.gif
reactive_rrt,Reactive SMO-RRT,9,358092,17,0.85205078125,3490,4096,117.15248776209758,0.2789344946716609,0.875,117.53239017012518,0.2798390242145838,1272269195,16,reactive_rrt/point-09.gif
reactive_rrt,Reactive SMO-RRT,10,452047,14,1.0,4096,4096,116.22084568607426,0.27671629925255775,1.0,116.20801019213401,0.2766857385527,2388921562,16,reactive_rrt/point-10.gif
target_rrt,Target-only SMO-RRT,0,465900,9,0.0029296875,12,4096,136.1015722632091,0.3240513625314503,0.0,136.06485280199888,0.3239639352428545,1381105884,16,target_rrt/point-00.gif
target_rrt,Target-only SMO-RRT,1,127814,15,0.0048828125,20,4096,133.5554815961424,0.3179892418955772,0.00390625,133.615159832907,0.3181313329354929,118589545,16,target_rrt/point-01.gif
target_rrt,Target-only SMO-RRT,2,153265,14,0.012939453125,53,4096,132.08093294225293,0.3144784117672689,0.0078125,132.09353472664128,0.3145084160158126,2583947290,16,target_rrt/point-02.gif
target_rrt,Target-only SMO-RRT,3,351854,15,0.031494140625,129,4096,131.54129783370695,0.3131935662707308,0.0234375,131.42312182336343,0.31291219481753196,1615093860,16,target_rrt/point-03.gif
target_rrt,Target-only SMO-RRT,4,314430,14,0.0546875,224,4096,130.00244240047337,0.3095296247630318,0.03125,130.08990005048275,0.3097378572630542,3884717381,16,target_rrt/point-04.gif
target_rrt,Target-only SMO-RRT,5,111378,15,0.05419921875,222,4096,128.74096196780326,0.30652609992334107,0.03515625,128.87199552416436,0.3068380845813437,33906309,16,target_rrt/point-05.gif
target_rrt,Target-only SMO-RRT,6,228382,16,0.058349609375,239,4096,128.38779791727148,0.3056852331363607,0.0390625,128.52733297071808,0.30601745945409065,4206854033,16,target_rrt/point-06.gif
target_rrt,Target-only SMO-RRT,7,13348,11,0.100830078125,413,4096,127.82207559954378,0.304338275237009,0.06640625,127.73473498366545,0.30413032138967966,3596792701,16,target_rrt/point-07.gif
target_rrt,Target-only SMO-RRT,8,87309,15,0.107666015625,441,4096,126.95339607348868,0.3022699906511635,0.09375,126.98374524477944,0.30234225058280817,622600934,16,target_rrt/point-08.gif
target_rrt,Target-only SMO-RRT,9,312330,14,0.11572265625,474,4096,125.67948777532607,0.29923687565553825,0.11328125,125.80290324473418,0.29953072201127184,1272269195,16,target_rrt/point-09.gif
target_rrt,Target-only SMO-RRT,10,352897,17,0.287353515625,1177,4096,124.5416415922906,0.2965277180768824,0.28515625,124.74009336746865,0.29700022230349676,2388921562,16,target_rrt/point-10.gif
target_rrt,Target-only SMO-RRT,11,346531,13,0.92236328125,3778,4096,124.89301815067624,0.2973643289301815,0.9296875,124.69194757280799,0.2968855894590666,894475089,16,target_rrt/point-11.gif
target_rrt,Target-only SMO-RRT,12,309442,13,0.970703125,3976,4096,119.36505626765123,0.2842025149229791,0.96484375,119.36049566500499,0.28419165634524995,2576103114,16,target_rrt/point-12.gif
target_rrt,Target-only SMO-RRT,13,358092,17,1.0,4096,4096,109.81800328169594,0.2614714363849903,1.0,109.97464972950641,0.2618444041178724,216874746,16,target_rrt/point-13.gif
